{
  "users" : [ {
    "id" : 1,
    "username" : "a",
    "password" : "a",
    "name" : "a",
    "adres" : null,
    "ePosta" : null,
    "numara" : null,
    "surname" : "a",
    "biletler" : [ {
      "baslangicDurak" : "1",
      "bitisDurak" : "3",
      "sefer" : {
        "biletler" : [ ],
        "calisanlar" : [ {
          "isim" : "Faruk",
          "soyisim" : "Tekin",
          "pozisyon" : "Yönetici ve Yönetim Personeli"
        } ],
        "tarih" : 1715582304113,
        "hat" : {
          "duraklar" : [ "1", "2", "3" ],
          "hatIsmi" : "1"
        },
        "seferNo" : "123",
        "fiyat" : 111.0
      },
      "koltukNo" : 10,
      "yolcu" : null,
      "biletDurum" : 0
    }, {
      "baslangicDurak" : "1",
      "bitisDurak" : "3",
      "sefer" : {
        "biletler" : [ ],
        "calisanlar" : [ {
          "isim" : "Faruk",
          "soyisim" : "Tekin",
          "pozisyon" : "Yönetici ve Yönetim Personeli"
        } ],
        "tarih" : 1715582304113,
        "hat" : {
          "duraklar" : [ "1", "2", "3" ],
          "hatIsmi" : "1"
        },
        "seferNo" : "123",
        "fiyat" : 111.0
      },
      "koltukNo" : 10,
      "yolcu" : null,
      "biletDurum" : 0
    }, {
      "baslangicDurak" : "1",
      "bitisDurak" : "3",
      "sefer" : {
        "biletler" : [ ],
        "calisanlar" : [ {
          "isim" : "Faruk",
          "soyisim" : "Tekin",
          "pozisyon" : "Yönetici ve Yönetim Personeli"
        } ],
        "tarih" : 1715582304113,
        "hat" : {
          "duraklar" : [ "1", "2", "3" ],
          "hatIsmi" : "1"
        },
        "seferNo" : "123",
        "fiyat" : 111.0
      },
      "koltukNo" : 18,
      "yolcu" : null,
      "biletDurum" : 0
    }, {
      "baslangicDurak" : "1",
      "bitisDurak" : "3",
      "sefer" : {
        "biletler" : [ ],
        "calisanlar" : [ {
          "isim" : "Faruk",
          "soyisim" : "Tekin",
          "pozisyon" : "Yönetici ve Yönetim Personeli"
        } ],
        "tarih" : 1715582304113,
        "hat" : {
          "duraklar" : [ "1", "2", "3" ],
          "hatIsmi" : "1"
        },
        "seferNo" : "123",
        "fiyat" : 111.0
      },
      "koltukNo" : 18,
      "yolcu" : null,
      "biletDurum" : 0
    } ],
    "bakiye" : 778.0
  } ]
}